kmer,count
AAA,1023672
TTT,1009756
AAT,690822
ATT,688037
ATA,590926
TAT,588138
TAA,585703
TTA,582519
CAA,555354
TTG,552866
AGA,547646
TCT,543574
GAA,532603
TTC,527070
AAG,520251
CTT,515258
TCA,485990
TGA,485824
AAC,462590
GTT,459160
ACA,456460
TGT,454301
CAT,440695
ATG,438792
ATC,435574
GAT,433674
AGT,361193
ACT,359633
GAG,331243
CTC,329223
CCA,312066
TGG,310454
TAG,305555
CTA,304958
GTA,293913
TAC,292919
GGA,288519
TCC,287273
GTG,254067
CAC,253914
AGC,252957
GCT,251768
ACC,251467
GGT,250630
CAG,248613
CTG,246928
GCA,244060
AGG,243866
TGC,242073
CCT,241393
GTC,219008
GAC,219004
CGA,194533
TCG,194037
ACG,160867
CGT,160026
CCC,133772
GGG,133457
GGC,132747
GCC,131838
CGG,117575
CCG,117119
GCG,87009
CGC,86898
RGA,3
TWA,2
WAA,2
CRG,2
CTW,1
CAY,1
AYG,1
YGG,1
TAR,1
ARC,1
RCR,1
CCR,1
TGR,1
GRG,1
GTS,1
TSA,1
SAT,1
GTW,1
GAM,1
AMA,1
MAA,1
ATM,1
TMC,1
MCC,1
TCY,1
CYC,1
YCA,1
